Nombre sucursal, region, ciudad, comuna, direccion
Registro Civil Lo Barnechea,Metropolitana,Santiago,Lo Barnechea,Av. El Rodeo 12.777 (Centro Cívico)
Registro Civil Talca,Maule,Talca,Talca,3 Sur Nº 1188
Registro Civil Concepción,Biobío,Concepción,Concepción,Chacabuco Nº 550
Registro Civil Puerto Montt,Los Lagos,Puerto Montt,Puerto Montt,Av. Presidente Ibáñez Nº 600
Registro Civil Valdivia,Los Ríos,Valdivia,Valdivia,Ramón Picarte Nº 786
Registro Civil Rancagua,O’Higgins,Rancagua,Rancagua,Cáceres Nº 189, 2° Piso
Registro Civil Viña del Mar,Valparaíso,Viña del Mar,Viña del Mar,Álvarez Nº 646
Registro Civil Antofagasta,Antofagasta,Antofagasta,Antofagasta,Av. José Balmaceda 2355
Registro Civil Arica,Arica y Parinacota,Arica,Arica,Arturo Prat 305
Registro Civil Iquique,Tarapacá,Iquique,Iquique,Bolívar 458
Registro Civil Chillán,Ñuble,Chillán,Chillán,5 de Abril Nº 460
Registro Civil Osorno,Los Lagos,Osorno,Osorno,Errázuriz Nº 642
Registro Civil Coyhaique,Aysén,Coyhaique,Coyhaique,Arturo Prat Nº 330
Registro Civil Punta Arenas,Magallanes,Punta Arenas,Punta Arenas,Av. Colón Nº 736
Registro Civil La Serena,Coquimbo,La Serena,La Serena,Matta Nº 280
Registro Civil Copiapó,Atacama,Copiapó,Copiapó,Los Carreras Nº 410
Registro Civil San Fernando,O’Higgins,San Fernando,San Fernando,Av. Manuel Rodríguez Nº 356
Registro Civil Linares,Maule,Linares,Linares,Januario Espinoza Nº 508
Registro Civil Temuco,Araucanía,Temuco,Temuco,Bulnes Nº 594
Registro Civil Quilpué,Valparaíso,Quilpué,Quilpué,Aníbal Pinto Nº 650
